<?xml version="1.0" encoding="UTF-8"?>
<beans xmlns="http://www.springframework.org/schema/beans"
	xmlns:xsi="http://www.w3.org/2001/XMLSchema-instance" xmlns:mvc="http://www.springframework.org/schema/mvc"
	xmlns:context="http://www.springframework.org/schema/context"
	xsi:schemaLocation="http://www.springframework.org/schema/mvc http://www.springframework.org/schema/mvc/spring-mvc.xsd
		http://www.springframework.org/schema/beans http://www.springframework.org/schema/beans/spring-beans.xsd
		http://www.springframework.org/schema/context http://www.springframework.org/schema/context/spring-context.xsd">

<context:component-scan base-package="com.xanway"></context:component-scan>

<bean id="myContext" class="com.xanway.spring.apiinfo.CommonApplicationContext"/>

<bean id="multipartResolver" class="org.springframework.web.multipart.commons.CommonsMultipartResolver">
	<property name="defaultEncoding" value="utf-8"></property>
	<property name="maxUploadSize" value="10485760000" />  
    <property name="maxInMemorySize" value="40960" />  
</bean>

<bean class="org.springframework.web.servlet.view.InternalResourceViewResolver">
	<property name="prefix" value="/WEB-INF/views/" />
	<property name="suffix" value=".jsp" />
</bean>

<bean id="handlerMapping" class="org.springframework.web.servlet.mvc.method.annotation.RequestMappingHandlerMapping" />     
   <bean id="handlerAdapter" class="org.springframework.web.servlet.mvc.method.annotation.RequestMappingHandlerAdapter" >
	<property name="messageConverters">
		<list>
			<bean class="org.springframework.http.converter.json.MappingJackson2HttpMessageConverter" >
				<property name="supportedMediaTypes">  
                   <list>  
                       <value>application/json;charset=UTF-8</value>  
                   </list>
                   </property>
			</bean>
			<bean class="org.springframework.http.converter.StringHttpMessageConverter" >
				<property name="supportedMediaTypes">  
                   <list>  
                       <value>text/plain;charset=UTF-8</value>  
                   </list>
               </property>  
			</bean>
		</list>
	</property>
   </bean>
</beans>  
