<?xml version="1.0" encoding="UTF-8"?>
<beans xmlns="http://www.springframework.org/schema/beans"
	xmlns:xsi="http://www.w3.org/2001/XMLSchema-instance" xmlns:mvc="http://www.springframework.org/schema/mvc"
	xmlns:context="http://www.springframework.org/schema/context"
	xsi:schemaLocation="http://www.springframework.org/schema/mvc http://www.springframework.org/schema/mvc/spring-mvc.xsd
		http://www.springframework.org/schema/beans http://www.springframework.org/schema/beans/spring-beans.xsd
		http://www.springframework.org/schema/context http://www.springframework.org/schema/context/spring-context.xsd">
<!-- 引入config.xml配置文件,使用${aa} 取到对应paraKey为aa的paraValue值,list标签中可放多个配置文件bean-->
<bean id="propertyConfigurer" class="org.springframework.beans.factory.config.PropertyPlaceholderConfigurer">
	<property name="propertiesArray">
		<list>
			<bean id="xmlConfig" class="com.xanway.spring.yaml.YamlPropertiesFactoryFhBean"/>
		</list>
	</property>
</bean>

 <!-- (事务管理)transaction manager, use JtaTransactionManager for global tx -->  
 <bean id="transactionManager"  
     class="org.springframework.jdbc.datasource.DataSourceTransactionManager">  
     <property name="dataSource" ref="dataSource" />
 </bean>

	<bean id="sqlSessionFactory" class="org.mybatis.spring.SqlSessionFactoryBean">
		<property name="dataSource" ref="dataSource" />
		<!-- 自动扫描mapping.xml文件 -->
		<property name="mapperLocations" value="classpath:com/xanway/demo/dao/mapper/*.xml"/>
	</bean>

	<!-- DAO接口所在包名，Spring会自动查找其下的类 -->
	<bean class="org.mybatis.spring.mapper.MapperScannerConfigurer">
		<property name="basePackage" value="com.xanway.demo.dao" />
		<property name="sqlSessionFactoryBeanName" value="sqlSessionFactory"/>
	</bean>

	<!--配置mysql c3p0连接池 数据源-->
	<bean id="dataSource" class="com.mchange.v2.c3p0.ComboPooledDataSource">

		<property name="driverClass" value="${driverClass}" />
		<property name="jdbcUrl" value="${jdbcUrl}" />
		<property name="user" value="${username}" />
		<property name="password" value="${password}" />
		<property name="minPoolSize" value="2" />
		<property name="maxPoolSize" value="20" />
		<property name="initialPoolSize" value="2" />
		<property name="preferredTestQuery">
			<value>select 1</value>
		</property>
		<property name="checkoutTimeout">
			<value>3000</value>
		</property>
		<property name="idleConnectionTestPeriod">
			<value>60</value>
		</property>
		<property name="maxIdleTime">
			<value>120</value>
		</property>
		<property name="dataSourceName">
			<value>jxydemo</value>
		</property>
	</bean>

	<!--druid连接池-->
	<!--<bean id="dataSource" class="com.alibaba.druid.pool.DruidDataSource"
		  init-method="init" destroy-method="close">
		<property name="driverClassName" value="${driverClass}" />
		<property name="url" value="${jdbcUrl}" />
		<property name="username" value="${username}" />
		<property name="password" value="${password}" />
		 配置初始化大小、最小、最大 
		<property name="initialSize" value="${initialPoolSize}" />
		<property name="minIdle" value="${minPoolSize}" />
		<property name="maxActive" value="${maxPoolSize}" />
		 配置获取连接等待超时的时间 
		<property name="maxWait" value="10000" />
		 配置间隔多久才进行一次检测，检测需要关闭的空闲连接，单位是毫秒 
		<property name="timeBetweenEvictionRunsMillis" value="60000" />
		 配置一个连接在池中最小生存的时间，单位是毫秒 
		<property name="minEvictableIdleTimeMillis" value="300000" />
		<property name="testWhileIdle" value="true" />
		 这里建议配置为TRUE，防止取到的连接不可用 
		<property name="testOnBorrow" value="true" />
		<property name="testOnReturn" value="false" />
		 打开PSCache，并且指定每个连接上PSCache的大小 
		<property name="poolPreparedStatements" value="true" />
		<property name="maxPoolPreparedStatementPerConnectionSize"
				  value="20" />
		 验证连接有效与否的SQL，不同的数据配置不同 
		<property name="validationQuery" value="select 1 " />
		<property name="filters" value="stat" />
		<property name="proxyFilters">
			<list>
				<ref bean="logFilter" />
			</list>
		</property>
	</bean>-->

	<bean id="logFilter" class="com.alibaba.druid.filter.logging.Slf4jLogFilter">
		<property name="statementExecutableSqlLogEnable" value="false" />
	</bean>
</beans>  
