<?xml version="1.0" encoding="UTF-8"?>
<!DOCTYPE mapper PUBLIC "-//mybatis.org//DTD Mapper 3.0//EN"
        "http://mybatis.org/dtd/mybatis-3-mapper.dtd">
<mapper namespace="com.xanway.demo.dao.PushInfoMapper">
    <resultMap id="BaseResultMap" type="com.xanway.demo.entity.PushInfo">
        <!--@mbg.generated-->
        <!--@Table tbl_push_info-->
        <id column="push_id" jdbcType="VARCHAR" property="pushId"/>
        <result column="createtime" jdbcType="TIMESTAMP" property="createtime"/>
        <result column="application_id" jdbcType="VARCHAR" property="applicationId"/>
        <result column="msgcontent" jdbcType="VARCHAR" property="msgcontent"/>
        <result column="destaddr" jdbcType="VARCHAR" property="destaddr"/>
        <result column="sender" jdbcType="VARCHAR" property="sender"/>
        <result column="pushstatus" jdbcType="VARCHAR" property="pushstatus"/>
    </resultMap>
    <sql id="Base_Column_List">
        <!--@mbg.generated-->
        push_id, createtime, application_id, msgcontent, destaddr, sender, pushstatus
    </sql>
    <select id="selectByPrimaryKey" parameterType="java.lang.String" resultMap="BaseResultMap">
        <!--@mbg.generated-->
        select
        <include refid="Base_Column_List"/>
        from tbl_push_info
        where push_id = #{pushId,jdbcType=VARCHAR}
    </select>
    <delete id="deleteByPrimaryKey" parameterType="java.lang.String">
        <!--@mbg.generated-->
        delete from tbl_push_info
        where push_id = #{pushId,jdbcType=VARCHAR}
    </delete>
    <insert id="insert" parameterType="com.xanway.demo.entity.PushInfo">
        <!--@mbg.generated-->
        insert into tbl_push_info (push_id, createtime, application_id,
        msgcontent, destaddr, sender,
        pushstatus)
        values (#{pushId,jdbcType=VARCHAR}, #{createtime,jdbcType=TIMESTAMP},
        #{applicationId,jdbcType=VARCHAR},
        #{msgcontent,jdbcType=VARCHAR}, #{destaddr,jdbcType=VARCHAR}, #{sender,jdbcType=VARCHAR},
        #{pushstatus,jdbcType=VARCHAR})
    </insert>
    <insert id="insertSelective" parameterType="com.xanway.demo.entity.PushInfo">
        <!--@mbg.generated-->
        insert into tbl_push_info
        <trim prefix="(" suffix=")" suffixOverrides=",">
            <if test="pushId != null">
                push_id,
            </if>
            <if test="createtime != null">
                createtime,
            </if>
            <if test="applicationId != null">
                application_id,
            </if>
            <if test="msgcontent != null">
                msgcontent,
            </if>
            <if test="destaddr != null">
                destaddr,
            </if>
            <if test="sender != null">
                sender,
            </if>
            <if test="pushstatus != null">
                pushstatus,
            </if>
        </trim>
        <trim prefix="values (" suffix=")" suffixOverrides=",">
            <if test="pushId != null">
                #{pushId,jdbcType=VARCHAR},
            </if>
            <if test="createtime != null">
                #{createtime,jdbcType=TIMESTAMP},
            </if>
            <if test="applicationId != null">
                #{applicationId,jdbcType=VARCHAR},
            </if>
            <if test="msgcontent != null">
                #{msgcontent,jdbcType=VARCHAR},
            </if>
            <if test="destaddr != null">
                #{destaddr,jdbcType=VARCHAR},
            </if>
            <if test="sender != null">
                #{sender,jdbcType=VARCHAR},
            </if>
            <if test="pushstatus != null">
                #{pushstatus,jdbcType=VARCHAR},
            </if>
        </trim>
    </insert>
    <update id="updateByPrimaryKeySelective" parameterType="com.xanway.demo.entity.PushInfo">
        <!--@mbg.generated-->
        update tbl_push_info
        <set>
            <if test="createtime != null">
                createtime = #{createtime,jdbcType=TIMESTAMP},
            </if>
            <if test="applicationId != null">
                application_id = #{applicationId,jdbcType=VARCHAR},
            </if>
            <if test="msgcontent != null">
                msgcontent = #{msgcontent,jdbcType=VARCHAR},
            </if>
            <if test="destaddr != null">
                destaddr = #{destaddr,jdbcType=VARCHAR},
            </if>
            <if test="sender != null">
                sender = #{sender,jdbcType=VARCHAR},
            </if>
            <if test="pushstatus != null">
                pushstatus = #{pushstatus,jdbcType=VARCHAR},
            </if>
        </set>
        where push_id = #{pushId,jdbcType=VARCHAR}
    </update>
    <update id="updateByPrimaryKey" parameterType="com.xanway.demo.entity.PushInfo">
        <!--@mbg.generated-->
        update tbl_push_info
        set createtime = #{createtime,jdbcType=TIMESTAMP},
        application_id = #{applicationId,jdbcType=VARCHAR},
        msgcontent = #{msgcontent,jdbcType=VARCHAR},
        destaddr = #{destaddr,jdbcType=VARCHAR},
        sender = #{sender,jdbcType=VARCHAR},
        pushstatus = #{pushstatus,jdbcType=VARCHAR}
        where push_id = #{pushId,jdbcType=VARCHAR}
    </update>
    <update id="updateBatch" parameterType="java.util.List">
        <!--@mbg.generated-->
        update tbl_push_info
        <trim prefix="set" suffixOverrides=",">
            <trim prefix="createtime = case" suffix="end,">
                <foreach collection="list" index="index" item="item">
                    when push_id = #{item.pushId,jdbcType=VARCHAR} then
                    #{item.createtime,jdbcType=TIMESTAMP}
                </foreach>
            </trim>
            <trim prefix="application_id = case" suffix="end,">
                <foreach collection="list" index="index" item="item">
                    when push_id = #{item.pushId,jdbcType=VARCHAR} then
                    #{item.applicationId,jdbcType=VARCHAR}
                </foreach>
            </trim>
            <trim prefix="msgcontent = case" suffix="end,">
                <foreach collection="list" index="index" item="item">
                    when push_id = #{item.pushId,jdbcType=VARCHAR} then
                    #{item.msgcontent,jdbcType=VARCHAR}
                </foreach>
            </trim>
            <trim prefix="destaddr = case" suffix="end,">
                <foreach collection="list" index="index" item="item">
                    when push_id = #{item.pushId,jdbcType=VARCHAR} then
                    #{item.destaddr,jdbcType=VARCHAR}
                </foreach>
            </trim>
            <trim prefix="sender = case" suffix="end,">
                <foreach collection="list" index="index" item="item">
                    when push_id = #{item.pushId,jdbcType=VARCHAR} then
                    #{item.sender,jdbcType=VARCHAR}
                </foreach>
            </trim>
            <trim prefix="pushstatus = case" suffix="end,">
                <foreach collection="list" index="index" item="item">
                    when push_id = #{item.pushId,jdbcType=VARCHAR} then
                    #{item.pushstatus,jdbcType=VARCHAR}
                </foreach>
            </trim>
        </trim>
        where push_id in
        <foreach close=")" collection="list" item="item" open="(" separator=", ">
            #{item.pushId,jdbcType=VARCHAR}
        </foreach>
    </update>
    <insert id="batchInsert" parameterType="map">
        <!--@mbg.generated-->
        insert into tbl_push_info
        (push_id, createtime, application_id, msgcontent, destaddr, sender, pushstatus)
        values
        <foreach collection="list" item="item" separator=",">
            (#{item.pushId,jdbcType=VARCHAR}, #{item.createtime,jdbcType=TIMESTAMP},
            #{item.applicationId,jdbcType=VARCHAR},
            #{item.msgcontent,jdbcType=VARCHAR}, #{item.destaddr,jdbcType=VARCHAR},
            #{item.sender,jdbcType=VARCHAR},
            #{item.pushstatus,jdbcType=VARCHAR})
        </foreach>
    </insert>
    <insert id="insertOrUpdate" parameterType="com.xanway.demo.entity.PushInfo">
        <!--@mbg.generated-->
        insert into tbl_push_info
        (push_id, createtime, application_id, msgcontent, destaddr, sender, pushstatus)
        values
        (#{pushId,jdbcType=VARCHAR}, #{createtime,jdbcType=TIMESTAMP},
        #{applicationId,jdbcType=VARCHAR},
        #{msgcontent,jdbcType=VARCHAR}, #{destaddr,jdbcType=VARCHAR}, #{sender,jdbcType=VARCHAR},
        #{pushstatus,jdbcType=VARCHAR})
        on duplicate key update
        push_id = #{pushId,jdbcType=VARCHAR},
        createtime = #{createtime,jdbcType=TIMESTAMP},
        application_id = #{applicationId,jdbcType=VARCHAR},
        msgcontent = #{msgcontent,jdbcType=VARCHAR},
        destaddr = #{destaddr,jdbcType=VARCHAR},
        sender = #{sender,jdbcType=VARCHAR},
        pushstatus = #{pushstatus,jdbcType=VARCHAR}
    </insert>
    <insert id="insertOrUpdateSelective" parameterType="com.xanway.demo.entity.PushInfo">
        <!--@mbg.generated-->
        insert into tbl_push_info
        <trim prefix="(" suffix=")" suffixOverrides=",">
            <if test="pushId != null">
                push_id,
            </if>
            <if test="createtime != null">
                createtime,
            </if>
            <if test="applicationId != null">
                application_id,
            </if>
            <if test="msgcontent != null">
                msgcontent,
            </if>
            <if test="destaddr != null">
                destaddr,
            </if>
            <if test="sender != null">
                sender,
            </if>
            <if test="pushstatus != null">
                pushstatus,
            </if>
        </trim>
        values
        <trim prefix="(" suffix=")" suffixOverrides=",">
            <if test="pushId != null">
                #{pushId,jdbcType=VARCHAR},
            </if>
            <if test="createtime != null">
                #{createtime,jdbcType=TIMESTAMP},
            </if>
            <if test="applicationId != null">
                #{applicationId,jdbcType=VARCHAR},
            </if>
            <if test="msgcontent != null">
                #{msgcontent,jdbcType=VARCHAR},
            </if>
            <if test="destaddr != null">
                #{destaddr,jdbcType=VARCHAR},
            </if>
            <if test="sender != null">
                #{sender,jdbcType=VARCHAR},
            </if>
            <if test="pushstatus != null">
                #{pushstatus,jdbcType=VARCHAR},
            </if>
        </trim>
        on duplicate key update
        <trim suffixOverrides=",">
            <if test="pushId != null">
                push_id = #{pushId,jdbcType=VARCHAR},
            </if>
            <if test="createtime != null">
                createtime = #{createtime,jdbcType=TIMESTAMP},
            </if>
            <if test="applicationId != null">
                application_id = #{applicationId,jdbcType=VARCHAR},
            </if>
            <if test="msgcontent != null">
                msgcontent = #{msgcontent,jdbcType=VARCHAR},
            </if>
            <if test="destaddr != null">
                destaddr = #{destaddr,jdbcType=VARCHAR},
            </if>
            <if test="sender != null">
                sender = #{sender,jdbcType=VARCHAR},
            </if>
            <if test="pushstatus != null">
                pushstatus = #{pushstatus,jdbcType=VARCHAR},
            </if>
        </trim>
    </insert>
</mapper>